,time,lng,lat,elev,dist_cum,kmph,rouad_grad_deg_f
4,154.26024715464712,2.61141,48.59605,88.45,4948.178222974009,122.09976515112096,-0.11127347843505317
5,456.8342663361719,2.74626,48.57555,87.08,15125.653608269298,121.09073834618323,-0.0077126413464208435
6,459.19624924827934,2.747,48.57503,86.87,15205.072138789048,121.04520672251826,-0.15150224483752428
7,462.31892381579615,2.74796,48.57434,86.51,15309.356200409287,120.22470280385278,-0.1977905191757814
8,464.04927581475187,2.74849,48.57395,86.37,15367.675188399984,121.33274437410417,-0.1375434313860388
9,471.1674598266291,2.75057,48.57229,85.3,15607.448827768765,121.26479173442543,-0.25568314051127033
10,472.72638933777387,2.75101,48.57192,84.99,15659.801335174468,120.89643907128078,-0.3392671132896086
11,475.2743576218506,2.75175,48.57132,84.32,15745.917422156108,121.67259501279084,-0.4457633768967484
12,484.00992307809815,2.75423,48.56927,82.36,16037.912625019664,120.33367909309308,-0.3845886513422138
13,492.00861413438537,2.75652,48.56739,80.46,16306.419892578551,120.84804331231173,-0.40542725394129026
14,495.00940365442904,2.75738,48.56668,79.59,16407.603316055163,121.38816204293587,-0.4926310863629085
15,498.5422237569731,2.7584,48.56585,78.91,16526.56353578379,121.22236020867597,-0.3275103712460224
16,501.07505337292633,2.75913,48.56525,78.26,16612.220232257547,121.7468815759535,-0.4347767703511279
17,504.0757346192788,2.76,48.56455,77.6,16713.00436776473,120.91350531380107,-0.37520462656262077
18,508.42135513721854,2.76124,48.56352,76.74,16859.442693298253,121.31247303909242,-0.3364816125150761
19,511.5837462204915,2.76215,48.56278,76.44,16965.53288021796,120.77085434849778,-0.16201958482185075
20,532.6209267528327,2.76822,48.5578,82.91,17677.02947621228,121.75527712194331,0.5210052697100593
21,534.2877878284735,2.76871,48.55741,83.56,17733.434377125257,121.82037618741485,0.6602371006888953
22,541.8354485044031,2.77082,48.55563,85.54,17985.018182361244,119.99767050179604,0.45091654916142226
23,545.7731273295506,2.77192,48.5547,85.57,18116.35125066933,120.07049505653698,0.013087894599882953
24,549.4329735163103,2.77295,48.55384,85.38,18238.382809700408,120.03608624351352,-0.08920798355173648
25,608.4340510454339,2.79193,48.54119,91.2,20220.953793483528,120.96822364127515,0.16819598471624994
26,620.033367326608,2.79597,48.53897,92.32,20607.480838166393,119.96373985566231,0.166019672731089
27,625.4343185241615,2.79767,48.5378,92.99,20788.01132544848,120.33246190224618,0.21263996239618288
28,629.679814787306,2.79901,48.53687,93.53,20930.936737994867,121.1946621255302,0.21647356595401013
29,644.5324628551281,2.80366,48.53365,95.24,21426.336282839893,120.07544737465841,0.19777045593638332
30,646.7746855398387,2.80437,48.53316,95.35,21501.84591727991,121.23447231073561,0.08346658456009197
31,653.4879225627059,2.80647,48.53169,96.61,21726.856470387167,120.66280222594814,0.32083796346601806
32,657.5735090054617,2.80776,48.5308,97.39,21864.032309792976,120.8720042471576,0.32578788345628185
33,675.1968901664801,2.8132,48.5269,101.17,22454.412346803,120.59933980984594,0.3668401260016183
34,676.8148657838175,2.81368,48.52653,101.62,22508.655690299616,120.69158181083854,0.47531194899172186
35,682.1370314349497,2.81522,48.52528,102.73,22688.049424957935,121.34485980017605,0.3545135161695057
36,693.6966361642266,2.81839,48.52248,103.25,23077.199716575407,121.1928160722268,0.07656113397785647
37,698.373564636235,2.8196,48.52131,103.31,23234.892021875396,121.38143708581671,0.02180034465442002
38,700.9228679129395,2.82024,48.52067,103.52,23320.25147892212,120.54040340207641,0.14095789546120616
39,702.6191965925085,2.82066,48.52024,103.58,23377.19901492044,120.85578229216573,0.06036688749508427
40,704.8760037511629,2.82121,48.51966,103.64,23453.358449886262,121.4875470531726,0.045138807307353784
41,706.4977966339837,2.8216,48.51924,103.8,23508.186982681273,121.70648925202568,0.16719941666242233
42,707.9665355230238,2.82194,48.51886,103.72,23557.304227697205,120.39041341985092,-0.09332075335896044
43,714.5948782035559,2.82345,48.51713,104.09,23779.508118023685,120.68386378465166,0.09540525503681263
44,718.6696680201604,2.82432,48.51605,104.2,23915.62596972093,120.25755638076825,0.04630204117879391
45,720.1014510909582,2.82462,48.51567,104.32,23963.30932048218,119.89250763025736,0.1441903498190027
46,724.289542579951,2.82549,48.51454,104.33,24104.357378698365,121.2421005875343,0.004062145919747128
47,727.1495670812346,2.82608,48.51377,104.39,24200.37557100745,120.86102484701614,0.03580307273714628
48,729.5074293566906,2.82657,48.51314,104.56,24279.180221269842,120.31947069077374,0.12360016033991683
49,732.1180380908577,2.82711,48.51244,104.63,24366.591545368454,120.53923004107531,0.04588311354301471
50,733.5755159219754,2.82741,48.51205,104.74,24415.263657735653,120.22111127930434,0.12948944908012336
51,737.0373777207975,2.82812,48.51112,104.65,24531.148422010305,120.50889828435236,-0.04449781773901336
52,742.4203957037276,2.82924,48.50967,104.1,24712.265199802554,121.12543597656413,-0.17399040691149756
53,745.3272026987646,2.82984,48.50889,103.65,24809.611390300113,120.56056229036072,-0.2648579980089854
54,746.801053029639,2.83013,48.50849,103.31,24858.955143944706,120.52615479289797,-0.39478668127626754
55,751.3515806190222,2.83107,48.50727,102.77,25011.26626304525,120.49592448164483,-0.2031341604381758
56,760.3143366842296,2.83292,48.50487,101.54,25310.925007862756,120.36158002009275,-0.23517889678089987
57,763.7526828838011,2.83364,48.50395,101.14,25426.15991093462,120.65267049327713,-0.19888262277477078
58,773.2913322115271,2.83572,48.50143,102.97,25745.54382489437,120.53929762498079,0.3282886974342049
59,777.4250148471293,2.83666,48.50035,104.08,25884.178712342153,120.73631161559003,0.4587370283517566
60,779.9794755413094,2.83725,48.49969,104.92,25969.48019466418,120.21533040572709,0.5641976888396418
61,782.6192873996321,2.83786,48.49901,105.69,26057.44573797755,119.96156276430273,0.5015216391687156
62,785.444657178512,2.83854,48.49829,106.51,26151.895274459333,120.34471872535723,0.49742286268310854
63,787.0261436829132,2.83892,48.49788,106.98,26205.39883572104,121.79226316893143,0.5032996513336502
64,791.8693377624252,2.84012,48.49664,108.67,26369.204981311217,121.75892901324067,0.591103780993078
65,811.0541090264408,2.84521,48.49189,113.35,27017.025839325528,121.56283005708258,0.4139100805299239
66,822.3165731421492,2.84855,48.48918,115.96,27406.120979795865,124.37264983064479,0.3843269322300711
67,825.8285752210478,2.84966,48.48838,116.52,27526.972895066847,123.88002205054933,0.26549357378909666
68,828.9388997492365,2.85065,48.48768,116.71,27633.6582753807,123.48144563343503,0.1020400973975085
69,834.6547289706533,2.85249,48.48639,117.22,27831.052949273457,124.32506264380116,0.1480322744102744
70,837.2964780217948,2.85333,48.48579,117.47,27922.068532440346,124.02998659513646,0.15737864172488256
71,840.6339298107008,2.85441,48.48503,117.73,28038.160832783047,125.22496433445653,0.1283192573744624
72,847.0719449800927,2.85648,48.48357,118.3,28260.94348894265,124.57528307599894,0.1465936515115858
73,851.6140923033367,2.85796,48.48253,118.58,28419.916391893184,125.99821403705212,0.10091532189822174
74,856.0920966327849,2.85941,48.4815,119.05,28576.567423869856,125.9363934526409,0.17190397808818392
75,859.866682487287,2.86064,48.48064,119.32,28708.339932106483,125.67763668324925,0.11739807510947244
76,862.5866663771593,2.86153,48.48001,119.73,28804.313923490074,127.02515271042556,0.24476554907008508
77,866.4818978142345,2.8628,48.47911,120.6,28941.35014754867,126.64983187273145,0.3637480441581508
78,869.3255848570325,2.86374,48.47845,121.19,29042.281280954405,127.7749888761107,0.3349226719133611
79,874.0463935842895,2.8653,48.47734,122.33,29210.977083928992,128.6442484318522,0.38718328045799055
80,877.266448824249,2.86637,48.47659,123.14,29325.766436985006,128.33372107208024,0.40429543250244454
81,883.3795738351953,2.86841,48.47516,124.12,29544.623681873705,128.88433987338854,0.25655759613476803
82,887.2860409157004,2.86972,48.47424,123.89,29685.303346637273,129.6431744366246,-0.09367393339123999
83,890.1771786420579,2.87069,48.47356,123.21,29789.374872020744,129.58825446635402,-0.3743634532801435
84,893.9374755225313,2.87195,48.47268,122.27,29924.295649243795,129.16926866206546,-0.3991761866235561
85,898.8282319673075,2.87359,48.47153,120.88,30100.281290189945,129.5399422481618,-0.45253395128649143
86,901.660205757769,2.87454,48.47087,120.26,30201.72725861439,128.95793299997652,-0.350166118673728
87,905.2574126813893,2.87575,48.47003,119.32,30330.888507975913,129.26153751353,-0.4169755415826118
88,920.5285033294061,2.88081,48.46638,120.94,30882.155997951406,129.955548667344,0.16837360684158462
89,922.2443913534695,2.88136,48.46596,121.53,30944.00903986096,129.7700944069162,0.5465128902651437
90,923.970898112098,2.88191,48.46553,121.99,31006.705024451447,130.72960380707923,0.4203711901968511
91,926.5157754885907,2.88272,48.46489,122.69,31099.611419079745,131.42598686732114,0.4316848900550416
92,929.5278876193062,2.88367,48.46413,123.64,31209.378573851336,131.1909185412272,0.49586446589575256
93,933.7998603544931,2.88498,48.46305,124.75,31363.497395773644,129.8762406300863,0.4126505435168455
94,943.9460549976031,2.88797,48.46043,125.7,31728.84823610271,129.63116433783273,0.1489824624874479
95,945.490289530785,2.88842,48.46002,125.55,31785.235367508096,131.45261856119498,-0.1524168092963423
96,949.7369760484119,2.88962,48.4589,124.36,31938.013311245046,129.5128790811652,-0.44627252560561537
97,952.7296773889822,2.89046,48.4581,123.15,32046.417257136152,130.40198830318738,-0.6395063730031121
98,955.9257818974883,2.89135,48.45725,121.91,32161.491318982287,129.61610658961936,-0.6173764598374811
99,957.2051834227912,2.89171,48.45691,121.44,32207.68971328727,129.99376365332947,-0.5828792922233642
100,961.8869495353135,2.89303,48.45566,119.56,32377.38981686638,130.4892978849949,-0.6347176982541319
101,964.2974304041995,2.89371,48.45501,118.64,32465.363914411482,131.3873738847537,-0.5991558559094629
102,969.8310759194652,2.89526,48.45354,116.49,32664.835077356136,129.76909789753353,-0.6175386659819652
103,976.0491662559616,2.89702,48.45187,114.0,32891.410623207295,131.17724589440186,-0.6296387697584037
104,979.3858255412,2.89795,48.45098,112.7,33011.82564969386,129.91859770323657,-0.618540907494901
105,983.0653379129604,2.89899,48.44999,111.23,33146.003221727115,131.27806364423392,-0.6276863199482612
106,984.6728880720115,2.89944,48.44956,110.54,33204.21091849759,130.3522053068648,-0.6791582288972929
107,990.056192590388,2.90095,48.44812,108.5,33399.26439235476,130.43893457796753,-0.599215827634992
108,1001.8225120269873,2.90424,48.445,114.65,33822.681585076585,129.5478932058601,0.8321444519903157
109,1004.3474255780284,2.90495,48.44432,117.07,33914.69092257333,131.18612114530012,1.5066278101424628
110,1006.7979455008763,2.90564,48.44367,119.1,34003.11251390086,129.8980374781675,1.3151765559809534
111,1012.2534290987674,2.90717,48.44221,120.71,34200.8373502323,130.47595103545675,0.4665279693409666
112,1014.0470550701707,2.90767,48.44173,120.68,34265.71439702762,130.21520215858064,-0.026494320376531842
113,1016.9549346899598,2.90849,48.44096,120.41,34370.54572386201,129.7828060128399,-0.1475687347395851
114,1025.2734313426322,2.91082,48.43874,119.47,34671.343329107796,130.17633162561322,-0.17905015359882082
115,1029.7005074720485,2.91209,48.43756,119.02,34832.56881004484,131.1049808962489,-0.15991910012062338
116,1032.0096319866072,2.91277,48.43696,118.74,34916.041529751754,130.13667693112475,-0.19219163038559736
117,1051.6873353449103,2.91961,48.43247,118.1,35625.905858579456,129.86838642942558,-0.05165675674028429
118,1053.835748349124,2.92045,48.43204,118.12,35704.180509055994,131.16134614845396,0.014639676553629912
119,1056.9770213825007,2.92167,48.43142,118.0,35817.55934707184,129.9357975318381,-0.06064174844766453
120,1065.4340281527807,2.92489,48.42971,118.03,36121.85535877689,129.53349475702476,0.005648688493129695
121,1067.701430923666,2.92574,48.42923,117.95,36204.20780364099,130.7525973407032,-0.055659075170959846
122,1078.6724063140346,2.92977,48.42684,117.95,36603.01125852145,130.86278899413944,0.0
123,1083.2015564678718,2.93137,48.42582,117.8,36766.723902257756,130.12717561403412,-0.052496644888535525
124,1084.693854013639,2.9319,48.42548,117.85,36821.11805818105,131.21978380199334,0.052667205146416325
125,1091.6574619479384,2.93435,48.42388,117.76,37074.76252143593,131.12743800810568,-0.02033011039781557
126,1093.8860562347766,2.93513,48.42338,117.67,37154.78680153892,129.26866503794076,-0.06443816770877045
127,1097.0198297278823,2.93622,48.42266,117.52,37268.273194266374,130.37030746403516,-0.07573032956292837
128,1101.742818712666,2.93787,48.42159,117.57,37438.51146268247,129.76057498174342,0.01682811344319191
129,1104.0945221217469,2.93869,48.42105,117.61,37523.75847745495,130.49658047688365,0.02688458966500784
130,1107.3299664747394,2.93983,48.42031,117.92,37641.43629072981,130.93723197484928,0.150934573549702
131,1108.9660854170918,2.9404,48.41994,118.18,37700.27589597142,129.46649133298993,0.2531765068061588
132,1111.6926949692274,2.94135,48.41931,118.67,37799.38499451407,130.85582953161878,0.2832706948889566
133,1115.4105701598037,2.94265,48.41846,119.25,37934.060494419275,130.40561471445577,0.2467512405174564
134,1117.4512920905388,2.94336,48.41799,119.68,38008.06671376621,130.5530095190438,0.33290320954705577
135,1122.1819296617077,2.94502,48.41691,120.54,38179.62032511231,130.5517473183511,0.28722191996669333
136,1124.3270203939549,2.94577,48.41642,121.04,38257.290331726486,130.3497421380042,0.36883599319700283
137,1179.6620558008847,2.96756,48.40556,93.25,40268.672032228,130.85695289712672,-0.7915695006451392
138,1195.7836709308374,2.97288,48.40165,69.91,40855.01872987855,130.9327939246103,-2.279500951491762
139,1203.2920026190488,2.97524,48.39979,61.15,41125.58606881502,129.72820869123098,-1.8543840791454655
140,1210.9212067477122,2.97764,48.3979,58.69,41400.48055776498,129.71473085925254,-0.5127198287517037
141,1213.065628697126,2.97832,48.39737,58.28,41477.899505432855,129.9689231778968,-0.3034276581960998
142,1223.2374909815849,2.98151,48.39486,56.22,41843.09880690488,129.25042126336766,-0.32318806066009986
143,1226.339252316465,2.98248,48.39409,55.61,41954.72472606186,129.5564892263553,-0.3131000207485053
144,1229.9832605450786,2.98363,48.39319,54.96,42085.969380510694,129.6596292801386,-0.28375976416533993
145,1233.004240717018,2.98459,48.39244,54.36,42195.42062747297,130.42935293787116,-0.3140861735920793
146,1238.9187788637562,2.9865,48.39098,53.76,42410.46794995439,130.89278346442902,-0.1598595979109555
147,1250.3901524760709,2.99041,48.38834,53.78,42822.2091725734,129.2145519379799,0.0027830965820513026
148,1251.8693188379907,2.99093,48.38801,53.75,42875.32116728646,129.26414897567616,-0.03236318296605396
149,1272.4909190468813,2.99854,48.38362,53.81,43619.69522210522,129.9485282520508,0.004618305462267856
150,1285.5419632754315,3.00367,48.38114,53.81,44088.28486288039,129.25576507513,0.0
151,1290.7457439616774,3.0058,48.3802,53.82,44277.15187436293,130.65908852273705,0.0030336573343210586
152,1315.8759769469123,3.01722,48.37711,54.63,45187.889839754054,130.46662469601495,0.05095820195529445
153,1368.6243074405616,3.04252,48.37353,57.34,47098.505979789246,130.39688725228592,0.0812677413847013
154,1372.8213643087029,3.04458,48.37346,57.63,47250.86440022956,130.68450841078302,0.10905702451326352
155,1377.8330146648252,3.04702,48.37338,57.89,47431.31164170571,129.6199900538847,0.08255538983276245
156,1415.4238789577419,3.06538,48.37273,59.45,48789.38614633073,130.0600108194726,0.06581478145991813
157,1433.2593350692453,3.07412,48.37241,60.05,49435.94660504901,130.50508138586676,0.053169749829471584
158,1449.2072730854284,3.08196,48.37212,65.65,50015.976015808985,130.932655783902,0.5531553927461831
159,1452.0662774371722,3.08336,48.37206,67.97,50119.62898518568,130.51770611279605,1.282201740608142
160,1457.6228293330548,3.08606,48.37197,72.69,50319.37343019977,129.41119160311288,1.3536584720879092
161,1463.4240370771586,3.08889,48.37186,76.91,50528.81420074687,129.97065563388682,1.1542904309269055
162,1466.677397772069,3.09047,48.3718,78.68,50645.72657741927,129.36916483901172,0.8673656759097649
163,1477.7033825620144,3.0959,48.3716,82.9,51047.45874429794,131.1661342107086,0.6018420149419845
164,1483.612244222695,3.09879,48.3715,84.0,51261.22517769941,130.23814136082834,0.29483020407578114
165,1488.3844125637902,3.10111,48.37142,84.4,51432.82696370939,129.45193578274996,0.1335549636730941
166,1595.4206701578053,3.15239,48.36382,105.01,55314.16618757652,130.54287883382554,0.30423903945063585
167,1608.1056869429017,3.1577,48.36163,103.76,55775.902732092036,131.04054873690404,-0.1551091207337692
168,1618.7408102430202,3.16193,48.35962,102.37,56160.12299189279,130.05894677942334,-0.207278986597063
169,1625.7945436135496,3.16463,48.3582,101.94,56414.538933356765,129.84576268461288,-0.09683812102902295
170,1628.5593965159537,3.16568,48.35763,102.69,56514.72114954911,130.44309806819197,0.42892874106230416
171,1632.4963800412386,3.16717,48.35683,105.73,56656.293247135734,129.45432665354684,1.2301322715201435
172,1636.9169037389843,3.16884,48.35593,109.07,56815.20290875684,129.41335030681913,1.2040786516171715
173,1640.3838257565278,3.17017,48.35522,111.35,56941.28099387431,130.91759899015833,1.0360257249581795
174,1662.176433993806,3.17847,48.35076,103.61,57730.05324812777,130.3001496835568,-0.5622093044694527
175,1706.99992386233,3.19539,48.34163,107.59,59340.728703457135,129.36144990480804,0.14157832826267147
176,1708.888654625717,3.19611,48.34125,108.37,59408.683731649384,129.525132027506,0.6576223528717425
177,1710.5006547602877,3.19673,48.34093,108.81,59466.70265225967,129.5707796281761,0.4345075612155721
178,1714.0000930178087,3.19808,48.34023,108.3,59593.25266100153,130.18661794976563,-0.23090231008767712
179,1715.7588405757242,3.19876,48.33988,107.4,59656.82572384755,130.12841167320687,-0.8110786977991984
180,1728.554912610101,3.20372,48.33739,95.86,60116.39011699098,129.29216175649051,-1.4384368902302258
181,1747.858017604466,3.21124,48.33356,105.04,60816.70866974628,130.60835501102144,0.7510084249463598
182,1750.3856756087773,3.2122,48.33304,105.92,60908.251715636055,130.37957059107362,0.5507652981197734
183,1755.8369068440338,3.21428,48.33194,105.2,61104.72950063165,129.75417762677955,-0.20996153123470238
184,1758.3218802722804,3.21523,48.33143,104.4,61194.99900650462,130.77412315511162,-0.50776198675012
185,1762.266378625838,3.21674,48.33063,103.05,61337.74214375423,130.27646307295623,-0.5418614007091815
186,1763.6641479214863,3.21727,48.33034,102.22,61388.493137800244,130.71082555214616,-0.9369522461277056
187,1768.76260497408,3.21922,48.3293,100.75,61573.30883040978,130.4976165398592,-0.45571357404010576
188,1819.1762199247519,3.23686,48.31797,83.03,63386.73791757802,129.49566739448153,-0.5598503453805301
189,1823.6136723436266,3.23811,48.3168,87.28,63546.38476346343,129.51770316293724,1.5249256083907914
190,1825.8584362019992,3.23872,48.31619,89.71,63627.879123001905,130.69512556710922,1.7079403236686623
191,1828.4655776242269,3.23943,48.31548,92.4,63722.72956474145,130.97164095172752,1.6244979165995015
192,1832.3681889413826,3.24048,48.31443,96.15,63862.995800566016,129.38988998177905,1.5314305927529308
193,1836.7702561559097,3.24167,48.31323,99.71,64022.87516768867,130.74896261060343,1.275582197740686
194,1850.5884062999764,3.2454,48.30945,103.88,64525.64308067018,130.98457230981813,0.47520519103484676
195,1853.9206735889497,3.24629,48.30855,104.63,64645.426962628764,129.4079789090851,0.3587400274180357
196,1857.5875461350556,3.24727,48.30756,105.37,64777.23012054919,129.39947122444553,0.3216799355944111
197,1861.491267060449,3.24835,48.30652,105.53,64917.77753258944,129.61241159776606,0.06522582400367759
198,1863.1813659858656,3.24883,48.30607,105.69,64979.130149826036,130.68431600670752,0.1494199327218991
199,1866.1989322921595,3.2497,48.30528,105.8,65088.02050580945,129.90776067544118,0.057879630805134745
200,1874.4776293081766,3.2522,48.30316,104.3,65387.627309167096,130.28432976841026,-0.2868524687655858
201,1875.8380369804136,3.25263,48.30282,103.8,65437.03524486414,130.74651969352507,-0.5798038606451056
202,1878.190754157497,3.25338,48.30224,103.17,65522.107092779384,130.17231968125523,-0.4242964287279907
203,1882.4817938659519,3.25476,48.30118,102.01,65678.03430810117,130.81630870308317,-0.4262365490392645
204,1884.0719951212486,3.25527,48.30079,101.59,65735.51383084261,130.12584487651634,-0.41864994673396116
205,1887.8393986506146,3.25648,48.29986,100.73,65872.28186511307,130.6907846573316,-0.36027220276073324
206,1890.406633455513,3.25731,48.29923,99.84,65965.43570252825,130.62841546663807,-0.5473922889469315
207,1892.2154756388823,3.25788,48.29878,99.59,66030.86984206691,130.22855421271797,-0.21890522719649871
208,1894.054019113595,3.25845,48.29832,99.35,66097.1583677996,129.79768818082198,-0.20744053133913012
209,1895.59036699566,3.25892,48.29793,99.0,66152.74162752763,130.24376663442607,-0.3607787288889117
210,1896.833907894622,3.2593,48.29761,98.62,66198.08936705202,131.2798496808956,-0.48010963393854356
211,1908.2539401513502,3.26247,48.29456,95.39,66610.42588250697,129.98312283778887,-0.4488120156383399
212,1909.484032134867,3.26278,48.29422,95.09,66654.64511392046,129.41246282529596,-0.3887102871749456
213,1910.9461384702288,3.26314,48.29381,94.85,66707.44457963662,130.00290880427116,-0.2604362031341694
214,1925.4121142531276,3.26633,48.28962,90.78,67229.73113313397,129.97613301781,-0.44647732352656244
215,1928.9007317039586,3.26704,48.28858,89.86,67356.7488312774,131.0730453427603,-0.41499095127839764
216,1933.9559005106205,3.26807,48.28707,88.61,67541.1424734555,131.31452919365006,-0.38840074143829223
217,1949.7631936674243,3.27134,48.28236,81.36,68118.10517702778,131.3992036622815,-0.7199296201601365
218,1951.8515945876306,3.27181,48.28176,80.6,68193.34648906285,129.7014958696205,-0.5787154746540852
219,1988.656096525708,3.28394,48.2728,112.09,69534.76690608842,131.2098587671936,1.3447780839293717
220,1990.3868272384325,3.28464,48.27248,112.15,69597.61645224571,130.72996538558908,0.05469801990010822
221,1993.2359414675418,3.2858,48.27197,111.57,69700.50904836092,130.01000178591988,-0.3229697898554428
222,1996.113538313173,3.28701,48.27149,110.09,69804.77201126049,130.43754444208128,-0.8132519600566697
223,1997.5452201667174,3.28761,48.27125,109.02,69856.59202245326,130.30272042082927,-1.1828977280597148
224,1999.2871970698802,3.28835,48.27096,108.59,69920.15035679455,131.35076774738266,-0.38762515672338155
225,2002.5880978005107,3.28977,48.27043,108.59,70040.64405026863,131.4117969321133,0.0
226,2008.7867537438267,3.2924,48.26939,109.59,70267.06256582579,131.49732191294072,0.2530508904385093
227,2014.0642964260246,3.2946,48.26851,111.08,70457.04121639958,129.59121001003604,0.449360814111097
228,2018.8266160623384,3.29661,48.26771,113.19,70630.3935431322,131.042942073596,0.6973550766506014
229,2021.6824108929472,3.29781,48.26724,114.26,70733.45450117423,129.91810370081234,0.594835160088057
230,2029.057959721157,3.3009,48.26601,117.01,70999.96002966251,130.0811539458961,0.5911989993465762
231,2031.671872562255,3.30199,48.26557,117.59,71094.31883677916,129.95525339599226,0.35217839879950985
232,2034.8659628896232,3.30334,48.26503,119.39,71210.91307163917,131.41120083534776,0.8844709260956408
233,2046.7584560620278,3.33893,48.25209,107.18,74212.96471143096,0.0,-0.23303317007138497
234,2058.6509492344326,3.34665,48.24757,103.31,74974.12319740353,0.0,-0.2913095763479267
235,2070.543442406837,3.35246,48.24555,122.24,75459.81464807365,0.0,2.231994000452393
236,2082.4359355792417,3.35333,48.2453,125.03,75530.03473773948,0.0,2.2752916828316607
237,2094.3284287516462,3.35468,48.2449,129.15,75639.52765916959,0.0,2.154909138333814
238,2106.220921924051,3.3558,48.24457,132.45,75730.27894973404,0.0,2.0825356898687266
239,2118.1134150964554,3.35725,48.24414,137.61,75847.93055786508,0.0,2.5112863474582863
240,2130.00590826886,3.35821,48.24385,140.11,75926.0316308254,0.0,1.8334006313759241
241,2141.8984014412645,3.35927,48.24354,143.8,76011.84116187965,0.0,2.4623284698541763
242,2153.790894613669,3.36031,48.24323,143.96,76096.2179535005,0.0,0.10864733723694232
243,2165.6833877860736,3.36674,48.24093,168.06,76637.257724165,0.0,2.5504892383721094
244,2177.575880958478,3.3704,48.23939,187.14,76958.43434552242,0.0,3.3997498387961063
245,2189.4683741308827,3.37144,48.23896,191.08,77049.17501008401,0.0,2.4862465366207176
246,2201.3608673032873,3.37511,48.23742,202.7,77370.62966921832,0.0,2.0702365885330147
247,2213.253360475692,3.37661,48.23684,203.3,77499.0864101598,0.0,0.2676170783908107
248,2225.1458536480964,3.38211,48.23531,207.31,77940.54996880669,0.0,0.5204274570624497
249,2237.038346820501,3.38976,48.23459,186.45,78513.15147442628,0.0,-2.0863753116575694
250,2248.9308399929055,3.40134,48.23509,168.6,79372.80513722183,0.0,-1.1895287171267188
251,2260.82333316531,3.40334,48.23518,172.81,79521.330852314,0.0,1.6236290191474512
252,2272.7158263377146,3.40861,48.23533,177.37,79912.03100496985,0.0,0.6686889943221009
253,2284.608319510119,3.41602,48.23512,201.32,80461.86404332364,0.0,2.494151746371711
254,2296.5008126825237,3.41869,48.23501,210.15,80660.19026000859,0.0,2.5492738614998887
255,2308.3933058549283,3.42021,48.23495,213.94,80773.02934512428,0.0,1.9237075623469497
256,2320.285799027333,3.42118,48.23491,215.6,80845.02858033046,0.0,1.3207660661594578
257,2332.1782921997374,3.46525,48.23943,207.64,84147.38763021158,0.0,-0.13810537097007713
258,2344.070785372142,3.46679,48.23972,202.31,84266.02745993082,0.0,-2.572334236229413
259,2460.3240784598042,3.51897,48.24566,125.82,88186.91561892969,121.41761319184452,-1.1176035021800965
260,2526.2889750592694,3.54865,48.24597,126.38,90384.95205754034,119.95669798506908,0.014597408518572804
261,2740.944057165178,3.64449,48.25734,176.23,97592.89112111992,120.88500479147146,0.39625044645454827
262,2752.165830050942,3.64951,48.25776,180.62,97967.47902474624,120.16964402884159,0.6714497583968186
263,2759.121938095446,3.65265,48.25788,175.52,98200.37592707369,120.5313147833207,-1.2544683023306848
264,2790.3804869722217,3.6668,48.25816,196.37,99248.585254312,120.72068965624821,1.1395238120353988
265,2793.508376557005,3.66817,48.25839,203.38,99353.41674267693,120.6543095222213,3.8256288554235254
266,2797.0284720816726,3.66969,48.25871,206.06,99471.46501795705,120.7279143507134,1.300538412582489
267,2808.3503158540425,3.67429,48.26016,180.36,99849.11492932223,120.08112002326645,-3.8931154668142276
268,2820.919369229138,3.67891,48.26232,164.4,100267.33372410618,119.78528663148822,-2.185452045522691
269,2889.568537885225,3.7081,48.26934,176.32,102564.68199560398,120.47420149870638,0.29728168408497047
270,2996.4045716296614,3.75611,48.26874,146.5,106118.89781806724,119.76461978619727,-0.4807023945803724
271,2999.486172702978,3.75746,48.26899,150.32,106222.68370926841,121.24515777185837,2.1079081129722774
272,3003.059268641444,3.75901,48.26929,154.67,106342.23752792052,120.45401370677459,2.083804128968453
273,3007.5390430847383,3.76096,48.26966,160.76,106492.4386978902,120.70344583982866,2.3218213109567967
274,3034.3899719394535,3.77274,48.27187,161.87,107398.27763078603,121.44906331060898,0.07020926250532493
275,3054.9225760583404,3.78161,48.27354,169.58,108080.54656492629,119.6228276103409,0.6474450693112719
276,3059.3877395991813,3.78355,48.2739,173.81,108229.65864319772,120.22034061400825,1.6249264917167519
277,3082.7281697367657,3.79352,48.27613,167.88,109008.07734790261,120.06236904885266,-0.436471269333217
278,3086.061355308105,3.79491,48.2765,164.32,109118.92332099045,119.71895790845817,-1.83951551432746
279,3183.475384299337,3.83912,48.27414,160.3,112401.23781284224,121.30010731544614,-0.07017271472609793
280,3203.814018121746,3.84824,48.27449,155.15,113077.32648250561,119.66974930766577,-0.43643322366941273
281,3259.2471701797494,3.87326,48.2727,156.45,114939.68609412287,120.94738171855613,0.0399946931863418
282,3266.698493683757,3.8766,48.27293,158.68,115188.20772387722,120.06965831431603,0.5141047861606396
283,3270.220148592138,3.87818,48.27303,159.2,115305.67119668415,120.07664382408653,0.25364149389549484
284,3281.5450869047004,3.88333,48.27313,159.31,115686.98096129832,121.21171124510732,0.016528649818302054
285,3292.3160024618182,3.88818,48.2731,157.13,116045.94764839335,119.97866538727959,-0.34795224269480546
286,3295.8320756232692,3.88978,48.27309,156.58,116164.36889514534,121.24790035119476,-0.26610471528500623
287,3299.8827154331184,3.8916,48.27308,155.68,116299.0732945723,119.71833110362583,-0.38280438130770017
288,3357.5685124497936,3.91765,48.27424,167.66,118231.33928241757,120.58700609150208,0.3552278247629135
289,3359.51857038427,3.91853,48.27419,168.29,118296.70588466748,120.67321895380748,0.5521967220153287
290,3388.1757323376505,3.93099,48.27207,175.2,119248.53902310925,119.57217898844122,0.41594147692242894
291,3412.854427846734,3.94212,48.27148,188.25,120074.99427995646,120.55900294871117,0.9046439991271523
292,3487.2136376612607,3.97201,48.26099,153.26,122576.3242944106,121.09849034834298,-0.8014330632184808
293,3498.3544078358436,3.97505,48.25835,155.1,122946.22144602003,119.527620166871,0.2850072359618312
294,3526.156045865845,3.98287,48.25182,147.58,123874.91516988006,120.25541093255787,-0.463936424138196
295,3539.161755462939,3.98708,48.24915,143.61,124305.41136670033,119.16199550536237,-0.5283619194291008
296,3542.4163956763946,3.98819,48.2485,142.91,124414.8621939254,121.06498788444081,-0.36643394895247633
297,3547.8292293509576,3.99,48.24742,141.84,124594.82031769094,119.68763211781561,-0.34066681935881993
298,3552.828128628859,3.99169,48.24641,140.39,124762.9716443108,121.09561368990984,-0.4940598615910706
299,3566.43425119992,3.99631,48.24371,136.69,125218.15169074455,120.43461747483622,-0.46572717075312176
300,3573.9412563968776,3.99898,48.24233,135.0,125468.43753256921,120.02509748280649,-0.38687124734802786
301,3577.014853114303,4.00011,48.24179,134.25,125571.43529410323,120.63779851802045,-0.417203971385372
302,3583.6194404149587,4.00259,48.24071,132.6,125790.87647207676,119.61205216052305,-0.43080453496613647
303,3585.902557608068,4.00347,48.24036,131.95,125866.7851523942,119.69216909560919,-0.49060721807127855
304,3588.9527096467837,4.00467,48.2399,131.21,125969.3249902893,121.0245954092856,-0.413479694100237
305,3590.4992739142667,4.00529,48.23968,131.0,126021.35114290666,121.10337304460629,-0.23126923186799694
306,3595.6038545384495,4.00734,48.23899,129.74,126191.46075222749,119.96961917964109,-0.42438144600281097
307,3600.068597678403,4.00917,48.23842,128.82,126341.07976702019,120.64041230808527,-0.3523045042022279
308,3602.8935446145165,4.01035,48.23809,128.31,126435.86276584417,120.78768326734819,-0.30828910160983364
309,3609.543287834483,4.01313,48.23739,127.95,126655.97294015296,119.16198886182636,-0.09370971740640899
310,3617.2584749865355,4.01642,48.23669,127.38,126911.76592683067,119.35611332445592,-0.1276756673050329
311,3620.998722557349,4.01803,48.23635,127.0,127036.85654210599,120.40010894069819,-0.17405245944283215
312,3623.28702346626,4.01902,48.23614,126.9,127113.80707565541,121.06009297078333,-0.07445789472365767
313,3627.441517448919,4.0208,48.23577,126.78,127251.9099362173,119.67048215691655,-0.049785296142482546
314,3632.9606908080264,4.02319,48.23534,126.42,127435.26620023962,119.59808245398331,-0.11249386122906693
315,3655.1126393070977,4.0331,48.23435,124.67,128177.45774066089,120.61645708631738,-0.1350964311388194
316,3661.937983295241,4.03615,48.23419,123.46,128404.06005728294,119.52047270533312,-0.30594230165632813
317,3667.2215781012214,4.03851,48.23407,122.52,128579.36604360846,119.44548625445202,-0.30722006539330426
318,3669.5685108993603,4.03957,48.23402,122.11,128658.07343174062,120.73059676035503,-0.29846063602666056
319,3672.3420764788357,4.04081,48.23395,121.51,128750.2462806985,119.6374294171788,-0.37296213084361113
320,3676.426463375676,4.04264,48.23382,120.59,128886.5587992841,120.14656772300414,-0.3866946143032661
321,3695.640984465479,4.05109,48.23242,121.86,129531.49690487803,120.83450684442408,0.11282562667156551
322,3697.5337195382394,4.05189,48.23222,122.17,129594.78811247427,120.38047512595249,0.28063218082353825
323,3715.894311244551,4.05935,48.22976,122.21,130211.35146327657,120.8908785943566,0.0037171057512991367
324,3718.9015795344203,4.06053,48.22933,122.11,130310.98004830096,119.26535031677842,-0.057509358642208956
325,3723.833012899707,4.06246,48.22862,121.76,130474.29215193551,119.21961213609144,-0.12279244269848334
326,3725.625494002217,4.06316,48.22836,121.72,130533.65901010683,119.23176713967594,-0.03860454981631291
327,3729.0076222278967,4.0645,48.22787,122.12,130646.89020613856,120.52538476191918,0.2024019640773641
328,3788.486948069724,4.09029,48.22366,122.69,132613.8735188971,119.05212148438885,0.01660339119119947
329,3790.964256678646,4.09141,48.2236,122.18,132697.11342222957,120.96339185095314,-0.35103935437489414
330,3798.9536697355006,4.09499,48.22327,122.89,132964.85123331955,120.641668300901,0.15193934667317333
331,3835.2297328790314,4.1114,48.22247,124.34,134183.78692651808,120.96595151883966,0.06815686961208012
332,3845.7584467768957,4.11615,48.22251,120.1,134535.7323836321,120.33793090982036,-0.6902272731825956
333,3868.7389119216837,4.12637,48.22153,116.92,135300.67066100295,119.83124715644124,-0.23818853708551077
334,3873.8509177912633,4.12861,48.22117,116.92,135471.37891355203,120.21694122726704,0.0
335,3876.5617192262575,4.12979,48.22098,117.33,135561.3162939877,119.4386890123261,0.26119403029950544
336,3883.033628057809,4.1326,48.22053,117.99,135775.4252348639,119.09812193221876,0.17661614013073187
337,3948.6513155836,4.16131,48.22459,123.47,137949.72151659004,119.28897389347169,0.14440543800342584
338,3951.995803013542,4.16251,48.22518,124.58,138060.20924734455,118.92878626341502,0.5755949127329547
339,3958.955295542192,4.1651,48.22638,126.9,138293.92007694923,120.89372653441677,0.5687449003230916
340,4011.102126624949,4.18824,48.22826,129.0,140020.72854411099,119.21166354129315,0.0696782995623231
341,4020.98404931092,4.19239,48.22727,131.2,140347.26246088996,118.95682022215311,0.3860205670249013
342,4025.4888658354666,4.19429,48.2268,132.12,140497.39926404512,119.98102218224103,0.3510895149773234
343,4028.5067079223427,4.19557,48.22648,132.78,140598.67598442917,120.81354255350958,0.3733797760069213
344,4032.000449182657,4.19705,48.22611,132.89,140715.77544935056,120.66093116440388,0.05382205543672647
345,4038.0582251885508,4.19961,48.22548,132.7,140917.93961724083,120.14161693943498,-0.053848290801987615
346,4041.530599931649,4.20106,48.22511,132.49,141032.96320253093,119.25121499846142,-0.10460550589552323
347,4066.1951842820617,4.21136,48.22254,130.81,141847.75286341354,118.92528726632678,-0.11813695950752717
348,4127.501955211315,4.23633,48.21511,129.18,143873.82542338374,118.97317548023715,-0.046095141063789334
349,4156.592149114776,4.24666,48.20976,130.89,144843.243739106,119.96846594360827,0.10106646404483616
350,4158.542030794658,4.24728,48.20935,131.23,144907.96848222267,119.49908429016375,0.3009727797455831
351,4160.1294463542135,4.24779,48.20902,131.62,144960.6453498908,119.46255815859975,0.42418896064449096
352,4163.438449414097,4.24884,48.20831,132.2,145071.49304339444,120.59574723605986,0.29979197401770635
353,4208.106408605213,4.26273,48.19872,142.7,146553.67735320714,119.45617422313056,0.40588448908912356
354,4210.499408297265,4.26355,48.19825,143.29,146633.8357056251,120.5892627830579,0.4217140004649426
355,4212.855375617693,4.26436,48.19779,144.34,146712.71315096208,120.5274796263009,0.7626643465685117
356,4234.607930757792,4.2717,48.19345,147.1,147439.96011444498,120.35777184227535,0.21744414234514223
357,4258.0949025259715,4.27883,48.18834,149.14,148215.9823888223,118.94595077357913,0.1506182552029944
358,4470.837834877513,4.3743,48.17698,197.42,155406.1307373471,121.6704769863613,0.3847206660267466
359,4474.805705155385,4.37591,48.17755,202.91,155541.40248669297,122.73039780582069,2.324072075738286
360,4476.238402588974,4.37649,48.17776,204.51,155590.3646767981,123.0293851626565,1.871661300678546
361,4603.7316674687245,4.43584,48.17825,216.29,159991.33288021653,124.26919608066926,0.1533623147371958
362,4606.660710416415,4.43712,48.17794,214.73,160092.31868880033,124.11866858706078,-0.8850184848657783
363,4625.126864190065,4.44511,48.17592,206.55,160725.96699372615,123.53053731135199,-0.7396112953322488
364,4627.470899403373,4.44612,48.17566,206.89,160806.24580280273,123.29324706171072,0.24265990968002324
365,4635.752962741053,4.44971,48.17475,209.56,161091.04286496155,123.79396075217096,0.5371377375038868
366,4646.88636943935,4.45451,48.17353,213.1,161471.9666615141,123.17215249119397,0.5324456562224691
367,4704.483454713946,4.48045,48.16893,229.19,163462.49783617325,124.41449414686869,0.4631271423305521
368,4705.9636278440175,4.48111,48.1688,229.68,163513.53579066225,124.13185486721034,0.5500625897495054
369,4717.83252120531,4.48639,48.16774,238.51,163922.55574166428,124.0614250027309,1.2367200155065545
370,4791.076451248098,4.52037,48.16567,280.56,166453.45991180255,124.39604220001644,0.9518597751367212
371,4793.547656703599,4.52151,48.16572,282.08,166538.20384565543,123.45317593531297,1.0275690942202371
372,4802.419019620129,4.52561,48.16589,289.69,166842.96027544673,123.67019110497068,1.43042196338426
373,4805.125894641146,4.52687,48.16594,292.34,166936.6100764548,124.54926105245731,1.6208609983512632
374,4865.255110758191,4.55425,48.16907,292.57,168996.7778139082,123.34442944334305,0.006396580721893034
375,4870.8574989379795,4.55673,48.16956,294.6,169188.604937468,123.26486895473461,0.606306807653034
376,4874.178662926278,4.55821,48.16983,296.11,169302.40223142478,123.35140923117875,0.760225018343769
377,4876.295720042342,4.55917,48.16999,297.11,169375.7906304782,124.79504430355276,0.7806715309666941
378,4949.879359866753,4.59287,48.16481,312.27,171940.61459683254,125.48123877683616,0.3386563419580375
379,4957.595477476117,4.59534,48.16308,313.79,172206.259298979,123.93809635128947,0.3278387775990315
380,4969.555658337532,4.59886,48.16016,315.89,172622.90111047713,125.40868225764851,0.2887855101620224
381,4978.721476252703,4.60127,48.15777,316.74,172943.18556936615,125.7960896312345,0.15205638893199583
382,4980.813348407921,4.60179,48.15721,316.77,173016.4333111976,126.0554426977743,0.023466570385674304
383,4982.780405380618,4.60227,48.15668,317.25,173085.28887695205,126.01568747455086,0.399408942162765
384,5007.139444146246,4.60803,48.15002,319.36,173940.27932409977,126.35825408985099,0.14139789485088983
385,5019.7340854944705,4.61101,48.14661,326.53,174379.25958876606,125.47629655380365,0.9357464250791779
386,5021.401015806913,4.61143,48.14617,327.46,174437.2733433635,125.28989064016749,0.9184117037834079
387,5029.673728374995,4.61374,48.14408,333.21,174726.09130097736,125.68364231842376,1.140535784171536
388,5031.215180663141,4.61422,48.14372,334.17,174779.67958748605,125.15329401688827,1.0263075946678697
389,5084.298219884505,4.63761,48.13781,260.09,176636.96194449373,125.9576803307181,-2.2841021542583264
390,5088.8687797850325,4.63973,48.13749,254.4,176798.3512010638,127.11819477199124,-2.0192050801115062
391,5101.1149974385835,4.64528,48.13625,248.6,177232.70285928165,127.68562619257693,-0.7650385704689453
392,5102.668415214448,4.64596,48.13605,248.63,177287.8470908842,127.79513460807316,0.03117049899625166
393,5105.290888486667,4.64711,48.13571,248.86,177381.18570612505,128.1305775073338,0.14118489525152852
394,5113.5411359125965,4.65067,48.13457,249.43,177674.20763318017,127.86027896365546,0.11145429783208863
395,5123.318961327607,4.65488,48.13321,250.4,178021.3105489392,127.7963599978056,0.16011608928622384
396,5125.514531495532,4.65582,48.13291,251.88,178098.64949506902,126.80997862645147,1.0963092854528405
397,5127.477134107832,4.65666,48.13264,253.42,178167.85781034076,126.948743172282,1.2747159291215924
398,5129.117382753521,4.65736,48.13241,255.15,178225.7866004589,127.14148246570797,1.7105871900155931
399,5131.127984053531,4.65823,48.13214,257.61,178297.03324654407,127.56777084813741,1.9775196980058896
400,5133.39848362714,4.65922,48.13184,261.29,178377.80671467382,128.07070683777158,2.6085640619286865
401,5159.576142376871,4.67129,48.12938,291.77,179314.91595956948,128.87299486471892,1.862920382668954
402,5165.554242522059,4.67413,48.12902,296.98,179529.52416444814,129.23663351224533,1.3906848919763823
403,5166.998914972042,4.67481,48.12894,298.27,179580.78642923175,127.74117290266376,1.4415274081458214
404,5190.490624968054,4.68587,48.12747,312.78,180417.8887794291,128.28220939310165,0.9930428622160719
405,5199.067958202476,4.68988,48.12684,315.11,180723.6544632716,128.33318139204187,0.43659766093749686
406,5202.709185759071,4.6916,48.12655,315.34,180855.32453536027,130.17924646334697,0.10008360803424524
407,5267.13151543019,4.72164,48.12028,298.52,183191.5841083161,130.5530940215521,-0.41249627062185606
408,5275.180952313988,4.72525,48.11929,287.32,183481.50432866468,129.66283335368132,-2.2123113358024398
409,5310.325226554681,4.74154,48.11548,323.83,184763.36693516347,131.30745998027797,1.6314568477191445
410,5311.816867834837,4.74224,48.11535,325.63,184817.33614013233,130.25191812043002,1.9102409956944653
411,5313.729808677825,4.74315,48.11521,327.27,184886.6821009278,130.503491406336,1.3547662323191023
412,5318.006378906074,4.7452,48.11495,330.1,185041.61715984126,130.42372329208231,1.046432150645902
413,5319.87041523968,4.7461,48.11486,330.6,185109.1785791029,130.48088438882587,0.42401961166806773
414,5322.337453246327,4.74729,48.11478,331.02,185197.96974305043,129.56759861418266,0.2710184983579261
415,5326.8949775949095,4.74953,48.11475,329.87,185364.3008795726,131.38538506458437,-0.39613206491693936
416,5329.378480196273,4.75075,48.11478,328.25,185454.9474470039,131.39814815312886,-1.0238587666444967
417,5366.552875634025,4.76879,48.11524,270.4,186796.42365850732,129.9096946848491,-2.469300923696631
418,5380.302461112639,4.77539,48.11433,245.4,187297.35955839732,131.1580805406084,-2.85706625566273
419,5382.36212569383,4.77636,48.11416,241.58,187371.90904841694,130.30187852986373,-2.933334890629356
420,5386.265038441863,4.77819,48.11382,234.5,187513.10697828108,130.23928033418858,-2.8705424947877645
421,5416.1761023780855,4.79069,48.10885,200.54,188593.76490025915,130.06453155314864,-1.7999447364185663
422,5499.438013720584,4.82421,48.09361,232.22,191605.1494465754,130.20340503767645,0.6027338289461059
423,5530.890378038241,4.83811,48.08919,263.67,192748.982367339,130.92174798564326,1.574966372108764
424,5533.095950501004,4.83918,48.0891,266.04,192829.11956394397,130.80228042763383,1.693987743925104
425,5535.208448295294,4.84021,48.08903,268.18,192906.04792581746,131.09699025163175,1.5934481379219825
426,5575.529572477204,4.85858,48.08421,299.2,194372.36482289655,130.91750134915793,1.2119140260575487
427,5598.482614630256,4.8684,48.08057,279.82,195206.83310591476,130.87963673112074,-1.3304192097209921
428,5618.243447566439,4.8776,48.07862,248.82,195924.53291032926,130.74951365847124,-2.4732705785930493
429,5620.131888214539,4.87847,48.07843,245.58,195992.6082492208,129.77438303721888,-2.724897860124006
430,5626.635552103662,4.88151,48.07778,235.76,196229.9401880821,131.3713307555122,-2.369355761342902
431,5630.23327607173,4.88317,48.07739,229.49,196360.817599608,130.96020864166883,-2.7427962899623415
432,5632.085883625705,4.88402,48.07717,227.2,196428.57758372344,131.67167665498297,-1.9356175778511158
433,5642.427567405276,4.88844,48.07557,216.78,196802.19969505703,130.0600201543478,-1.5975160138212086
434,5645.202041437739,4.88953,48.07504,216.6,196902.3556952371,129.9567400629415,-0.10297165611852674
435,5731.376155451952,4.92767,48.06349,250.35,200013.9248417651,129.98855927492747,0.6214410282690086
436,5735.966619324907,4.92984,48.06382,249.31,200179.30755622187,129.69882533050603,-0.3602965730320081
437,5749.340879691935,4.93637,48.0642,240.59,200666.47630794064,131.13304646821754,-1.0254472372759806
438,5781.836319673699,4.95114,48.06021,243.16,201850.37579807316,131.15803838534924,0.12437704659811709
439,5786.7886838583845,4.95298,48.05916,247.53,202030.23652774695,130.7453577077303,1.3918174659689555
440,5788.066021030189,4.95346,48.05889,248.96,202076.8837842727,131.46890828786783,1.7558870407464608
441,5793.4459819676385,4.95544,48.05775,253.48,202271.15973013564,129.99971807195806,1.3327960353828467
442,5797.200961338042,4.95683,48.05696,256.11,202406.79048678934,130.03286457491214,1.110876482318133
443,5803.230351652183,4.95913,48.05571,259.61,202627.13721932305,131.5635903120933,0.9100128842947366
444,5805.41434863723,4.95997,48.05528,260.67,202705.7822728246,129.63488253145982,0.7722017632647362
445,5808.19906378653,4.96104,48.05473,261.1,202806.1066370881,129.69646516243742,0.245573789640019
446,5809.366104046103,4.96149,48.0545,261.97,202848.21939596062,129.9063427311376,1.183494977054935
447,5811.200123424251,4.96221,48.05414,262.93,202915.05596690715,131.19362765432334,0.8229052665883766
448,5841.451569964952,4.97391,48.04902,274.61,203954.5556910211,123.70314265056172,0.6437582696537355
449,5843.670534356933,4.9748,48.04867,275.91,204031.32181077646,124.54369800527623,0.9701857359497783
450,5846.596782319498,4.97597,48.04822,277.81,204131.67770957726,123.46227671226866,1.084629585258423
451,5849.662987260243,4.97717,48.04775,279.61,204235.0771698855,121.40025350661116,0.9973164923497336
452,5853.448168520344,4.97864,48.04718,282.02,204361.4242516646,120.16584230703006,1.0927524713159034
453,5856.232938736718,4.97973,48.04676,284.16,204454.9706271228,120.9316839390572,1.310489961320672
454,5857.750214266649,4.98032,48.04654,285.49,204505.20785521748,119.19655828701947,1.5165166081517807
455,5859.997978395083,4.98118,48.0462,287.0,204579.49526660106,118.97808920337984,1.1644599427365954
456,5862.690112211935,4.98222,48.0458,289.17,204668.71409564232,119.30602503409105,1.3932858631473577
457,5866.596388612525,4.9837,48.04523,292.24,204795.7224744367,117.05013080763241,1.3846629615065624
458,5867.999638489006,4.98423,48.04502,293.18,204841.53160481065,117.52209788868531,1.1755402236358614
459,5869.871388088822,4.98493,48.04475,295.02,204901.63682077423,115.60241684583787,1.7534471539371899
460,5881.454250820672,4.98923,48.04312,302.85,205269.19271257982,114.23783922273223,1.2203806767698016
461,5884.785704709079,4.99048,48.04266,304.2,205375.27590082487,114.6344780611129,0.7290988187441354
462,5888.576791039729,4.99192,48.04218,305.72,205494.90660744993,113.60082738513289,0.7279477091639066
463,5890.324379231979,4.99258,48.04196,306.38,205549.7371926981,112.95001177557944,0.6896404279086367
464,5891.917376511265,4.99319,48.04177,306.99,205599.7702389829,113.06922426503445,0.6985122141315885
465,5894.297577355049,4.99411,48.04149,307.94,205674.9255881511,113.67076762118735,0.7242078227270244
466,5895.804023742083,4.99469,48.04132,308.5,205722.01003245125,112.51910518658813,0.6814166383702457
467,5899.7117434170605,4.9962,48.04091,309.72,205843.18065008102,111.62884232981067,0.5768600547101603
468,5903.023366558819,4.99749,48.04058,310.77,205945.87140330567,111.63308618877939,0.5858217042386252
469,5905.131742054656,4.99832,48.04039,311.72,206011.10162006135,111.37901231738975,0.8343854333810304
470,5907.1855684942,4.99913,48.04021,312.58,206074.5665895822,111.2430368389049,0.7763551311004954
471,5909.27268517229,4.99995,48.04003,311.85,206138.73602589226,110.68378358593831,-0.651776254707419
472,5916.94602405677,5.00302,48.03947,316.3,206375.3635332231,111.01543138073045,1.0773733397147076
473,5920.4431889182215,5.00443,48.03925,317.41,206483.01520966348,110.81720494710159,0.5907577442071151
474,5925.452132601687,5.00647,48.03898,319.0,206637.63519749496,111.12761319933759,0.5891675439286846
475,5928.484439094407,5.00771,48.03885,319.7,206730.95547677888,110.79124297907843,0.42977039690401414
476,5932.852868615772,5.0095,48.03869,320.6,206865.22534749765,110.65110063547536,0.38404318878042354
477,5937.798916883397,5.01154,48.03856,321.5,207017.58563976435,110.89601687683049,0.33844514890581184
478,5942.422081954716,5.01345,48.03848,322.15,207159.87083541977,110.79567708652861,0.2617419011322761
479,5944.976161105075,5.0145,48.03845,322.63,207238.0094078281,110.13709603727501,0.35195969662314186
480,5948.448490618366,5.01595,48.03844,323.26,207345.82225754907,111.77690870347556,0.334801745305165
481,5950.076002857023,5.01663,48.03845,323.56,207396.39233040364,111.8592278155221,0.3398953421920168
482,5955.160885129605,5.01873,48.0385,324.0,207552.6235941916,110.60876525486,0.16136383794926565
483,5958.60566962457,5.02014,48.03857,324.6,207657.7450274936,109.85800721072728,0.32702269482802043
484,5960.737416872894,5.02102,48.03862,324.88,207723.4078838683,110.8885132300487,0.24431957292867737
485,5965.818095110032,5.02312,48.03879,325.82,207880.68184217068,111.43910782421844,0.3424431611089025
486,5969.662563970641,5.02468,48.03895,326.43,207998.02268480475,109.87916635530495,0.29785119896586626
487,5971.801765871795,5.02555,48.03905,326.68,208063.65443991273,110.44975149901897,0.2182461154302726
488,5975.244610414974,5.02694,48.03922,327.22,208168.7134341124,109.85462003161426,0.2944959516189316
489,5983.5143662949595,5.03028,48.03966,328.61,208421.8103075563,110.17843303006752,0.31466343992954515
490,5987.423853919003,5.03186,48.03988,329.2,208541.7995029477,110.49046446713028,0.28172734524126947
491,5990.0599125085455,5.03292,48.04002,329.35,208622.12955611205,109.70476625176907,0.10698806485872353
492,5991.629491804011,5.03355,48.04011,329.5,208670.02503933673,109.85347481771966,0.17943944292454464
493,5993.406906953542,5.03427,48.0402,329.5,208724.48160386854,110.29704138973464,0.0
494,6016.689099985564,5.04386,48.04104,326.89,209443.5502285854,111.1857051189413,-0.20796530772042562
495,6022.245728231115,5.04616,48.04108,326.1,209614.6026806128,110.82059120864157,-0.26461675032897525
496,6024.2465115536115,5.04698,48.04107,326.0,209675.57553190688,109.70816389296697,-0.09396924520488195
497,6042.9401914876,5.0546,48.04063,331.33,210244.21814885532,109.50831662054605,0.5370289752168295
498,6044.786959963684,5.05535,48.04055,332.0,210300.6862781022,110.07620496087296,0.6797882540340315
499,6046.711363400795,5.05613,48.04046,332.72,210359.53735785597,110.09328035278251,0.7009370668363233
500,6056.2475038806615,5.05999,48.03987,335.35,210653.92803081783,111.13578128386656,0.5118500866167194
501,6057.851300979903,5.06063,48.03975,335.38,210703.34534147457,110.9257015419812,0.03478281499720941
502,6062.472132749548,5.06246,48.03938,335.53,210845.4846650445,110.73797756782442,0.060464363560335785
503,6064.1329121725375,5.06311,48.03924,335.5,210896.2558559126,110.0545229518015,-0.03385528595951017
504,6066.6997899062,5.0641,48.03901,335.35,210974.17661530353,109.28246800716698,-0.11029610565875549
505,6068.369805425625,5.06475,48.03886,335.28,211025.30007688812,110.20524034882871,-0.07845130073711198
506,6070.068640999225,5.0654,48.03869,334.89,211077.19325202017,109.96675215567166,-0.4305948376712146
507,6071.441974769554,5.06593,48.03855,334.7,211119.56181802976,111.06319594689646,-0.25693872034302667
508,6074.261785008549,5.067,48.03826,334.2,211205.40327438258,109.59221248171653,-0.33372646505564924
509,6082.573838862841,5.07013,48.0373,332.88,211461.43522202206,110.8889604975609,-0.295391882038893
510,6089.337791452196,5.07258,48.03643,331.87,211667.69134361972,109.77635161430776,-0.2805651261351545
511,6106.1931326557615,5.0784,48.03387,330.29,212185.66187484137,110.62925928806278,-0.17477258916849106
512,6121.1670621535695,5.08307,48.03122,328.1,212641.08883757147,109.4927731607327,-0.27551462750365635
513,6136.40075907396,5.08732,48.02819,326.1,213103.03836252884,109.16708521491672,-0.24805922911695807
514,6138.6079408705045,5.08789,48.02772,325.88,213170.32880831676,109.75335389942106,-0.1873226790750217
515,6141.980874135878,5.08875,48.02699,326.0,213273.66805015743,110.29606617052843,0.06653320005747713
516,6149.013016820566,5.09043,48.02544,328.43,213486.55284375552,108.98317786155219,0.6539814115532525
517,6178.685124061802,5.09638,48.01836,339.19,214389.72176576382,109.57793097725919,0.682567133848529
518,6180.395526571632,5.09669,48.01794,339.5,214441.8062225507,109.62568363588831,0.34101309708476524
519,6193.010970715362,5.09913,48.01488,342.2,214827.44801473006,110.04847994477868,0.4011392961107754
520,6236.263749305587,5.10991,48.00548,346.79,216144.8701270451,109.65121222075621,0.1996220963630885
521,6271.7533751195715,5.11943,47.99815,350.57,217224.69637372173,109.53551633401862,0.20056667689596505
522,6312.2575525657,5.12719,47.98837,365.08,218456.0718536601,109.44430938448392,0.6751176213814465
523,6343.823835374924,5.13288,47.98056,378.89,219422.356362083,110.20062930266846,0.8188073405184033
524,6347.0044512731565,5.13352,47.97981,380.94,219518.4208856098,108.73123186256055,1.2224962884680426
525,6348.736201502916,5.13388,47.9794,382.27,219571.3192354078,109.96623877987537,1.44025921126624
526,6350.013104363105,5.13414,47.9791,383.32,219609.899301015,108.7696178902809,1.5589844170187486
527,6351.274895330823,5.1344,47.9788,384.42,219648.48081621394,110.076437595266,1.6331211487740243
528,6352.529401677329,5.13465,47.9785,385.61,219686.69713577713,109.66764003282577,1.783530036728697
529,6358.914618122523,5.13595,47.977,391.22,219879.6090074914,108.76416549577041,1.6657282779541582
530,6361.070222869613,5.13638,47.97649,392.97,219944.75145899816,108.79212700795091,1.5388353018906613
531,6363.596389960578,5.1369,47.97589,395.66,220021.93105177878,109.98739355128654,1.9961660449691936
532,6371.267906018521,5.13846,47.97408,402.3,220254.38782547714,109.08461626011389,1.636177552204817
533,6374.237868857021,5.13906,47.97338,404.51,220344.1562311557,108.8115501829043,1.410274575574911
534,6376.856405169578,5.1396,47.97276,406.2,220423.97893709654,109.74136200020673,1.212880497129218
535,6378.668725673011,5.13997,47.97233,407.16,220479.16734480092,109.62645258347138,0.996557136647955
